Equazione_differenziale,Numero,1
Asintoto,Retta,1
Sistema_di_riferimento_cartesiano,Retta,1
Decomposizione_in_fratti_semplici,Aritmetica,1
Logaritmo,Logaritmo_naturale,0
Radice_quadrata,Potenza_(matematica),0
Poligono,Segmento,1
Equazione,Equazione_di_secondo_grado,0
Teorema_binomiale,Addizione,1
Associativit%C3%A0,Numero_complesso,0
Principio_d%27induzione,Dimostrazione_matematica,1
Funzione_continua,Matematica,1
Asintoto,Matematica,1
Settore_circolare,Geometria,1
Numero_intero,Decomposizione_in_fratti_semplici,0
Fattorizzazione,Decomposizione_in_fratti_semplici,0
Numero_reale,Disuguaglianza,0
Aritmetica,Matematica,1
Addizione,Circonferenza,0
Variabili_dipendenti_e_indipendenti,Funzione_(matematica),1
Equazione,Teorema_di_Pitagora,0
Retta,Secante_(geometria),0
Algebra,Numero,1
Onda_sinusoidale,Matematica,1
Circonferenza,Geometria,1
Funzione_definita_a_tratti,Funzione_inversa,0
Somma_vuota,Aritmetica,1
Numero,Somma_vuota,0
Equazione_lineare,Equazione,1
Disuguaglianza,Matematica,1
Aritmetica,Fattorizzazione,0
Funzione_(matematica),Crescita_esponenziale,0
Disuguaglianza,Uguaglianza_(matematica),1
Numero_razionale,Radicale_(matematica),0
Equazione_parametrica,Equazione,1
Numero_primo,Radice_(matematica),0
Limite_di_una_funzione,Funzione_(matematica),1
Teorema_dei_seni,Segmento,1
Minore_(algebra_lineare),Matrice_quadrata,1
Sistema_di_coordinate,Geometria,1
Numero,Quadrante_(geometria_analitica),0
Seno_(matematica),Matematica,1
Aritmetica,Sottrazione,0
Associativit%C3%A0,Moltiplicazione,0
Limite_di_una_successione,Matematica,1
Fuoco_(geometria),Circonferenza,0
Potenza_(matematica),Aritmetica,1
Perpendicolarit%C3%A0,Sistema_di_coordinate,0
Funzione_(matematica),Funzione_periodica,0
Addizione,Numero_razionale,0
Potenza_(matematica),Equazione_di_secondo_grado,0
Teorema_delle_radici_razionali,Equazione,1
Secante_(geometria),Asintoto,0
Divisione_dei_polinomi,Moltiplicazione,1
Teorema_dei_seni,Seno_(matematica),1
Addizione,Numero_negativo,0
Funzione_costante,Funzioni_pari_e_dispari,0
Insieme,Numero,0
Divisione_(matematica),Decomposizione_in_fratti_semplici,0
Geometria,Settore_circolare,0
Equazione_lineare,Equazione_di_secondo_grado,0
Moltiplicazione,Numero_razionale,0
Retta,Raggio_(geometria),0
Equazione_lineare,Matematica,1
Matematica,Funzione_continua,0
Logaritmo,Coefficiente_angolare,0
Perpendicolarit%C3%A0,Angolo,1
Algebra,Matematica,1
Notazione_scientifica,Numero_reale,0
Matematica,Poligono,0
Triangolo_rettangolo,Poligono,1
Matematica,Onda_sinusoidale,0
Coefficiente_binomiale,Moltiplicazione,1
Seno_(matematica),Teorema_dei_seni,0
Reciproco,Moltiplicazione,1
Polinomio,Circonferenza,0
Funzione_(matematica),Radicale_(matematica),0
Addizione,Commutativit%C3%A0,0
Divisione_(matematica),Moltiplicazione,0
Sezione_conica,Matematica,1
Funzione_trigonometrica,Funzione_trigonometrica_inversa,0
Aritmetica,Potenza_(matematica),0
Sistema_di_coordinate,Numero_complesso,0
Secante_(geometria),Curva_(matematica),1
Angolo_retto,Geometria,1
Circonferenza_unitaria,Radicale_(matematica),0
Poligono,Teorema_dei_seni,0
Matrice_triangolare,Matematica,1
Forza,Matematica,0
Poligono,Triangolo_rettangolo,0
Funzione_(matematica),Immagine_(matematica),0
Geometria_analitica,Sistema_di_riferimento_cartesiano,1
Unione_(insiemistica),Insieme_vuoto,0
Reciproco,Matematica,1
Numero_complesso,Radice_(matematica),0
Sistema_di_equazioni_lineari,Matematica,1
Logaritmo_naturale,Aritmetica,1
Triangolo_rettangolo,Retta,1
Equazione_lineare,Sistema_di_riferimento_cartesiano,0
Potenza_(matematica),Reciproco,0
Logaritmo,Matematica,1
Eccentricit%C3%A0_(matematica),Retta,1
Geometria,Sistema_di_equazioni_lineari,0
Equazione,Uguaglianza_(matematica),1
Associativit%C3%A0,Commutativit%C3%A0,0
Crescita_esponenziale,Numero,1
Circonferenza_unitaria,Numero_intero,0
Geometria,Sistema_di_coordinate_polari,0
Numero_negativo,Divisione_(matematica),0
Diagonale_principale,Matrice_elementare,0
Funzione_iniettiva,Funzione_(matematica),1
Geometria,Punto_(geometria),0
Potenza_(matematica),Numero_reale,0
Numero_intero,Reciproco,0
Geometria,Teorema_di_Pitagora,0
Aritmetica,Divisione_(matematica),0
Matematica,Mereologia,0
Numeri_pari_e_dispari,Funzioni_pari_e_dispari,0
Insieme,Numero_reale,0
Serie_geometrica,Geometria,0
Matematica,Prodotto_vettoriale,0
Serie,Calcolo_infinitesimale,1
Retta,Ellisse,0
Somma_vuota,Addizione,1
Prodotto_scalare,Aritmetica,1
Unione_(insiemistica),Numero_naturale,0
Moltiplicazione,Funzione_(matematica),0
Addizione,Divisione_dei_polinomi,0
Addizione,Matematica,1
Matematica,Equazione_algebrica,0
Matrice,Matrice_triangolare,0
Logaritmo,Numero,1
Circonferenza,Geometria_analitica,0
Polinomio,Numero,1
Numero_reale,Radicale_(matematica),0
Funzioni_pari_e_dispari,Matematica,1
Trigonometria,Geometria,1
Numero,Numero_intero,0
Punto_(geometria),Raggio_(geometria),0
Fuoco_(geometria),Ellisse,0
Polinomio,Funzione_(matematica),0
Sistema_di_coordinate,Numero_reale,0
Sistema_di_equazioni_lineari,Uguaglianza_(matematica),1
Matematica,Funzione_trigonometrica_inversa,0
Curva_piana,Geometria,1
Composizione_di_funzioni,Funzioni_pari_e_dispari,0
Matematica,Somma_vuota,0
Associativit%C3%A0,Funzione_(matematica),0
Circonferenza,Equazione_di_secondo_grado,0
Decomposizione_in_fratti_semplici,Moltiplicazione,1
Funzione_(matematica),Risoluzione_di_un%27equazione,0
Radice_quadrata,Insieme,0
Addizione,Moltiplicazione,0
Criterio_di_Cartesio,Teorema_delle_radici_razionali,0
Rettangolo,Matematica,1
Perpendicolarit%C3%A0,Fuoco_(geometria),0
Matrice_triangolare,Matrice,1
Funzione_trigonometrica_inversa,Trigonometria,1
Numero_intero,Coefficiente_binomiale,0
Insieme_aperto,Numero_reale,0
Secante_(geometria),Coefficiente_angolare,0
Circonferenza_unitaria,Numero_complesso,0
Teorema_dei_seni,Perpendicolarit%C3%A0,0
Logaritmo,E_(costante_matematica),0
Commutativit%C3%A0,Sottrazione,0
Determinante,Minore_(algebra_lineare),0
Funzione_trigonometrica_inversa,Geometria,1
Numero,Potenza_(matematica),0
Secante_(geometria),Derivata,0
Equazione_lineare,Geometria,1
Ampiezza,Onda_sinusoidale,0
Punto_(geometria),Geometria,1
Polinomio,Matematica,1
Criterio_di_Cartesio,Addizione,1
Intervallo_(matematica),Numero_reale,0
Curva_(matematica),Cono,0
Logaritmo_naturale,Disuguaglianza,0
Addizione,Numero,1
Teorema_dei_seni,Punto_(geometria),1
Potenza_(matematica),Teorema_fondamentale_dell%27algebra,0
Perpendicolarit%C3%A0,Parallelismo_(geometria),0
Vettore_(matematica),Geometria,0
Uguaglianza_(matematica),Sistema_di_equazioni_lineari,0
Matrice_quadrata,Matrice_elementare,0
Numero,Moltiplicazione_di_matrici,0
Limite_di_una_funzione,Calcolo_infinitesimale,1
Logaritmo,Notazione_scientifica,0
Forza,Lavoro_(fisica),0
Sistema_di_riferimento_cartesiano,Angolo,1
Matematica,Piano_complesso,0
Matematica,Angolo,0
Determinante,Diagonale_principale,0
Geometria,Trigonometria,0
Matrice,Campo_vettoriale,0
Equazione,Equazione_parametrica,0
Numero_complesso,Numero,1
Insieme,Commutativit%C3%A0,0
Funzione_quadratica,Grafico_di_una_funzione,0
Matematica,Geometria_analitica,0
Numero,Algebra,0
Geometria,Tavola_trigonometrica,0
Geometria,Matematica,1
Immagine_(matematica),Campo_vettoriale,0
Angolo,Angolo_retto,0
Circonferenza,Eccentricit%C3%A0_(matematica),0
Posizione,Vettore_(matematica),1
Matematica,Funzioni_pari_e_dispari,0
Funzione_monotona,Matematica,1
Funzione_periodica,Matematica,1
Matematica,Segmento,0
Crescita_esponenziale,Funzione_(matematica),1
Sistema_di_coordinate_polari,Geometria,1
Funzione_(matematica),Dominio_e_codominio,0
Matematica,Coefficiente_binomiale,0
Numero,Sistema_di_riferimento_cartesiano,0
Base_(algebra_lineare),Matematica,1
Matematica,Rettangolo,0
Equazione,Disuguaglianza,0
Polinomio,Equazione,0
Risoluzione_di_un%27equazione,Numero,1
Addizione,Numero_intero,0
Triangolo,Punto_(geometria),1
Addizione,Teorema_binomiale,0
Divisione_dei_polinomi,Polinomio,1
Campo_vettoriale,Numero_reale,0
Addizione,Teorema_delle_radici_razionali,0
Numero_complesso,Reciproco,0
Teorema_fondamentale_dell%27algebra,Matematica,1
Logaritmo,Seno_(matematica),0
Circonferenza,Moto_circolare,0
Matematica,Serie_geometrica,0
Numero_reale,Complesso_coniugato,0
Divisione_dei_polinomi,Numero,1
Funzione_razionale,Numero_reale,0
Trigonometria,Seno_(matematica),0
Cono,Matematica,1
Teorema_dei_seni,Area,0
Geometria,Raggio_(geometria),0
Quadrato_(algebra),Radice_quadrata,0
Equazione_algebrica,Numero,1
Aritmetica,Formula,0
Perpendicolarit%C3%A0,Cono,0
Uguaglianza_(matematica),Equazione_algebrica,0
Radicale_(matematica),Radice_quadrata,0
Moltiplicazione,Reciproco,0
Segmento,Triangolo_rettangolo,0
Moltiplicazione,Coefficiente_binomiale,0
Matrice_quadrata,Matrice_identit%C3%A0,0
Seno_(matematica),Sistema_di_riferimento_cartesiano,0
Numero_razionale,Seno_(matematica),0
Matrice_identit%C3%A0,Matrice_elementare,0
Raggio_(geometria),Retta,1
Retta,Equazione,0
Seno_(matematica),Onda_sinusoidale,0
Prodotto_scalare,Moltiplicazione,1
Numero_intero,Teorema_binomiale,0
Uguaglianza_(matematica),Equazione_lineare,0
Prodotto_vettoriale,Numero,1
Asintoto,Divisione_dei_polinomi,0
Serie_geometrica,Calcolo_infinitesimale,1
Moto_circolare,Geometria,1
Settore_circolare,Matematica,1
Numero,Fattorizzazione,0
Equazione_parametrica,Matematica,1
Angolo,Geometria_analitica,0
Massimo_e_minimo_di_una_funzione,Numero_reale,0
Matematica,Circonferenza,0
Limite_(matematica),Lavoro_(fisica),0
Topologia_prodotto,Aritmetica,1
Espressione_matematica,Matematica,1
Numero,Distributivit%C3%A0,0
Divisione_(matematica),Numero,1
Numero_naturale,Numero_reale,0
Funzione_(matematica),Funzioni_pari_e_dispari,0
Disuguaglianza,Equazione,1
Uguaglianza_(matematica),Matematica,1
Retta,Cono,0
Numero,Addizione,0
Geometria,Funzione_trigonometrica_inversa,0
Numero_reale,Dominio_e_codominio,0
Divisione_dei_polinomi,Divisione_(matematica),1
Onda_sinusoidale,Seno_(matematica),1
Commutativit%C3%A0,Funzione_(matematica),0
Razionalizzazione_(matematica),Radicale_(matematica),0
Trigonometria,Teorema_dei_seni,0
Radice_quadrata,Sistema_di_riferimento_cartesiano,0
Numero,Equazione_differenziale,0
Matematica,Divisione_per_zero,0
Matematica,Serie,0
Numero_reale,Insieme_chiuso,0
Secante_(geometria),Calcolo_infinitesimale,0
Teorema_binomiale,Numero_intero,1
Matematica,Formula,0
Teorema_delle_radici_razionali,Numero,1
Angolo,Matematica,1
Numero_complesso,Numero_naturale,0
Piano_(geometria),Sistema_di_coordinate_polari,0
Potenza_(matematica),Insieme,0
Sottrazione,Aritmetica,1
Angolo_retto,Matematica,1
Moltiplicazione,Notazione_scientifica,0
Numero,Sistema_di_coordinate_polari,0
Numero_intero,Insieme,0
Curva_piana,Piano_(geometria),1
Funzioni_pari_e_dispari,Grafico_di_una_funzione,0
Potenza_(matematica),Crescita_esponenziale,0
Funzione_(matematica),Numero_reale,0
E_(costante_matematica),Logaritmo_naturale,0
Funzione_(matematica),Funzione_monotona,0
Equazione_di_secondo_grado,Matematica,1
Equazione,Equazione_differenziale,0
Edge,Segmento,1
Funzione_(matematica),Funzione_inversa,0
Polinomio,Moltiplicazione,1
Radice_quadrata,Quadrato_(algebra),1
Variabili_dipendenti_e_indipendenti,Matematica,1
Matematica,Eccentricit%C3%A0_(matematica),0
Matematica,Ellisse,0
Geometria,Perpendicolarit%C3%A0,0
Funzione_cubica,Funzione_(matematica),1
Quadrante_(geometria_analitica),Numero,1
Numero,Sistema_di_coordinate,0
Intervallo_(matematica),Insieme_vuoto,0
Sistema_di_coordinate,Equazione,0
Numero,Sistema_di_equazioni_lineari,0
Sistema_di_riferimento_cartesiano,Distanza_(matematica),1
Matematica,Circonferenza_unitaria,0
Geometria,Segmento,0
Radice_(matematica),Matematica,1
Potenza_(matematica),Numero_razionale,0
Aritmetica,Teorema_delle_radici_razionali,0
Ampiezza,Spostamento_(fisica),0
Trigonometria,Funzione_trigonometrica_inversa,0
Logaritmo,Addizione,0
Secante_(geometria),Retta,1
Retta,Sezione_conica,0
Perpendicolarit%C3%A0,Sistema_di_riferimento_cartesiano,0
Matematica,Equazione_differenziale,0
Numero_complesso,Identit%C3%A0_(matematica),0
Teorema_di_Pitagora,Matematica,1
Risoluzione_di_un%27equazione,Dominio_e_codominio,0
Teorema_delle_radici_razionali,Risoluzione_di_un%27equazione,1
Logaritmo,Identit%C3%A0_(matematica),0
Matematica,Funzione_cubica,0
Matematica,Identit%C3%A0_(matematica),0
Equazione,Sistema_di_equazioni_lineari,0
Quadrato_(algebra),Numero,1
Perpendicolarit%C3%A0,Retta,1
Matematica,Logaritmo,0
Geometria,Circonferenza_unitaria,0
Geometria,Moto_circolare,0
Insieme_aperto,Insieme,1
Teorema_delle_radici_razionali,Numero_razionale,1
Rotazione_(matematica),Matematica,1
Geometria,Rettangolo,0
Equazione_di_secondo_grado,Radicale_(matematica),0
Equazione,Geometria,0
Matematica,Sistema_di_riferimento_cartesiano,0
Matematica,Rotazione_(matematica),0
Numero_primo,Divisione_dei_polinomi,0
Polinomio,Teorema_delle_radici_razionali,0
Minore_(algebra_lineare),Matrice,1
Numero_complesso,Sottrazione,0
Raggio_(geometria),Geometria,1
Teorema_binomiale,Polinomio,1
Parallelismo_(geometria),Retta,1
Polinomio,Addizione,1
Matrice,Matrice_quadrata,0
Moltiplicazione,Insieme_vuoto,0
Segno_(matematica),Elemento_inverso,0
Numero_negativo,Sottrazione,0
Perpendicolarit%C3%A0,Geometria_analitica,0
Settore_circolare,Curva_(matematica),1
Raggio_(geometria),Segmento,1
Equazione_lineare,Retta,1
Logaritmo_naturale,E_(costante_matematica),1
Radice_(matematica),Grafico_di_una_funzione,0
Circonferenza,Sezione_conica,0
Numeri_pari_e_dispari,Quadrato_(algebra),0
Sistema_di_coordinate,Campo_vettoriale,0
Sistema_numerico_binario,Numero,1
Distanza_(matematica),Sistema_di_riferimento_cartesiano,0
Angolo_retto,Angolo,1
Simmetria,Geometria,0
Numero_intero,Funzione_(matematica),0
Ellisse,Curva_(matematica),1
Coefficiente_binomiale,Teorema_binomiale,1
Edge,Retta,1
Geometria,Seno_(matematica),0
Equazione_lineare,Grafico_di_una_funzione,0
Geometria,Retta,0
Triangolo,Geometria,1
Equazione,Equazione_algebrica,0
Addizione,Equazione,0
Infinito_(matematica),Limite_(matematica),0
Polinomio,Numero_intero,1
Decomposizione_in_fratti_semplici,Divisione_dei_polinomi,0
Sistema_di_riferimento_cartesiano,Perpendicolarit%C3%A0,1
Polinomio,Teorema_fondamentale_dell%27algebra,0
Geometria,Eccentricit%C3%A0_(matematica),0
Dominio_e_codominio,Sistema_di_riferimento_cartesiano,0
Funzione_(matematica),Limite_di_una_funzione,0
Teorema_fondamentale_dell%27algebra,Numero_reale,1
Uguaglianza_(matematica),Identit%C3%A0_(matematica),0
Prodotto_vettoriale,Numero_reale,0
Divisione_(matematica),Numero_reale,0
Matematica,Sommatoria,0
Moltiplicazione,Commutativit%C3%A0,0
Logaritmo,Numero_naturale,0
Cono,Geometria,1
Equazione_lineare,Numero_complesso,0
Somma_vuota,Sommatoria,1
Numero_intero,Numero_razionale,0
Tavola_trigonometrica,Trigonometria,1
Associativit%C3%A0,Numero_reale,0
Risoluzione_di_un%27equazione,Insieme_vuoto,0
Prodotto_vettoriale,Aritmetica,1
Punto_(geometria),Corda_(geometria),0
Uguaglianza_(matematica),Equazione,0
Matematica,Topologia_prodotto,0
Teorema_binomiale,Matematica,1
Divisione_(matematica),Disuguaglianza,0
Moltiplicazione_di_matrici,Diagonale_principale,0
Trigonometria,Matematica,1
Trigonometria,Tavola_trigonometrica,0
Numero_complesso,Divisione_(matematica),0
Circonferenza_unitaria,Curva_(matematica),1
Teorema_dei_seni,Circonferenza,0
Funzione_iniettiva,Funzione_inversa,0
Tavola_trigonometrica,Geometria,1
Triangolo_rettangolo,Geometria,1
Numero,Divisione_per_zero,0
Poligono,Matematica,1
Funzione_(matematica),Funzione_trigonometrica_inversa,0
Tavola_trigonometrica,Matematica,1
Teorema_di_Pitagora,Funzione_trigonometrica_inversa,0
Associativit%C3%A0,Addizione,0
Matrice,Moltiplicazione_di_matrici,0
Numero_razionale,Risoluzione_di_un%27equazione,0
Piano_(geometria),Curva_piana,0
Progressione_geometrica,Geometria,0
Matematica,Funzione_definita_a_tratti,0
Potenza_(matematica),Sistema_di_riferimento_cartesiano,0
Moltiplicazione,Polinomio,0
E_(costante_matematica),Numero_reale,0
Risoluzione_di_un%27equazione,Uguaglianza_(matematica),1
Matematica,Reciproco,0
Funzione_(matematica),Disuguaglianza,0
Funzioni_pari_e_dispari,Funzione_(matematica),1
Numero_complesso,Insieme,0
Circonferenza,Retta,1
Divisione_per_zero,Divisione_(matematica),1
Identit%C3%A0_(matematica),Matematica,1
Intervallo_(matematica),Insieme_chiuso,0
Geometria_analitica,Geometria,1
Sistema_di_coordinate,Numero,1
Equazione,Funzione_(matematica),0
Numero_intero,Numero_naturale,0
Prodotto_vettoriale,Matematica,1
Potenza_(matematica),Identit%C3%A0_(matematica),0
Numero_reale,Grafico_di_una_funzione,0
Numero,Prodotto_vettoriale,0
Numero_complesso,Numero_razionale,0
Valore_assoluto,Numero_reale,1
Lavoro_(fisica),Calcolo_infinitesimale,0
Associativit%C3%A0,Potenza_(matematica),0
Matematica,Seno_(matematica),0
Matrice,Determinante,0
Sistema_di_riferimento_cartesiano,Numero,1
Numero,Moltiplicazione,0
Matematica,Dimostrazione_matematica,0
Corda_(geometria),Curva_(matematica),1
Matematica,Calcolo_infinitesimale,0
E_(costante_matematica),Numero,1
Potenza_(matematica),Numero,1
Numero_razionale,Teorema_delle_radici_razionali,0
Matematica,Operazione_aritmetica,0
Piano_(geometria),Piano_complesso,0
Grafico_di_una_funzione,Quadrante_(geometria_analitica),0
Limite_(matematica),Limite_di_una_funzione,0
Decomposizione_in_fratti_semplici,Numero_intero,1
Teorema_fondamentale_dell%27algebra,Equazione,1
Addizione,Disuguaglianza,0
Curva_piana,Asintoto,0
Criterio_di_Cartesio,Numero_reale,0
Numero,Valore_assoluto,0
Equazione_differenziale,Uguaglianza_(matematica),1
Geometria_analitica,Piano_(geometria),1
Geometria,Equazione_lineare,0
Numero_complesso,Equazione,0
Radice_quadrata,Teorema_di_Pitagora,0
Numero,Equazione_parametrica,0
Insieme,Risoluzione_di_un%27equazione,0
Matrice_invertibile,Matrice,1
Numero_complesso,Commutativit%C3%A0,0
Teorema_di_Pitagora,Numero_razionale,0
Numero_complesso,Funzione_razionale,0
Polinomio,Radice_(matematica),0
Moltiplicazione,Teorema_delle_radici_razionali,0
Addizione,Aritmetica,1
Insieme,Insieme_chiuso,0
Crescita_esponenziale,Matematica,1
Elemento_inverso,Segno_(matematica),1
Teorema_delle_radici_razionali,Aritmetica,1
Secante_(geometria),Intervallo_(matematica),0
Quadrante_(geometria_analitica),Matematica,1
Sistema_di_equazioni_lineari,Geometria,1
Campo_vettoriale,Derivata,0
Ellisse,Retta,1
Numero_complesso,Complesso_coniugato,0
Moltiplicazione_di_matrici,Aritmetica,1
Matematica,Potenza_(matematica),0
Numero,Logaritmo_naturale,0
Vettore_(matematica),Posizione,0
Eccentricit%C3%A0_(matematica),Circonferenza,1
Divisione_dei_polinomi,Teorema_delle_radici_razionali,0
Numero_razionale,E_(costante_matematica),0
Sistema_di_equazioni_lineari,Equazione,1
Calcolo_infinitesimale,Limite_di_una_funzione,0
Circonferenza_unitaria,Retta,1
Funzione_(matematica),Funzione_iniettiva,0
Iperbole_(geometria),Cono,0
Matematica,Curva_(matematica),0
Geometria,Angolo_retto,0
Logaritmo_naturale,Matematica,1
Radice_quadrata,Funzione_(matematica),0
Poligono,Punto_(geometria),1
Radice_quadrata,Geometria,0
Curva_(matematica),Eccentricit%C3%A0_(matematica),0
Numero,Base_(algebra_lineare),0
Triangolo,Matematica,1
Radice_quadrata,Funzione_quadratica,0
Funzione_(matematica),Variabili_dipendenti_e_indipendenti,0
Potenza_(matematica),Funzione_(matematica),0
Numero,Numero_razionale,0
Funzione_(matematica),Funzione_costante,0
Moltiplicazione,Numero,1
Matematica,Raggio_(geometria),0
Insieme_aperto,Intervallo_(matematica),0
Composizione_di_funzioni,Funzione_(matematica),1
Equazione_di_secondo_grado,Numero_negativo,0
Circonferenza,Numero_razionale,0
Equazione_lineare,Uguaglianza_(matematica),1
Quadrato_(algebra),Matematica,1
Divisione_dei_polinomi,Addizione,1
Addizione,Matrice_elementare,0
Matematica,Radice_quadrata,0
Divisione_per_zero,Numero,1
Logaritmo,Numero_complesso,0
Asintoto,Curva_(matematica),1
Circonferenza,Corda_(geometria),0
Numero,Sistema_numerico_binario,0
Numero_negativo,Distanza_(matematica),0
Circonferenza,Cono,0
Equazione_lineare,Numero,1
Logaritmo_naturale,Moltiplicazione,1
Polinomio,Numero_reale,0
Equazione_di_secondo_grado,Uguaglianza_(matematica),1
Segmento,Poligono,0
Uguaglianza_(matematica),Teorema_fondamentale_dell%27algebra,0
Notazione_scientifica,E_(costante_matematica),0
Geometria_analitica,Uguaglianza_(matematica),1
Numero_intero,Divisione_dei_polinomi,0
Angolo_retto,Triangolo_rettangolo,0
Insieme,Distanza_(matematica),0
Circonferenza,Curva_(matematica),1
Numero,Teorema_binomiale,0
Radice_quadrata,Equazione_di_secondo_grado,0
Coefficiente_binomiale,Addizione,1
Insieme_aperto,Dominio_e_codominio,0
Divisione_dei_polinomi,Fattorizzazione,0
Moltiplicazione,Prodotto_scalare,0
Logaritmo_naturale,Logaritmo,1
Matematica,Criterio_di_Cartesio,0
Onda_sinusoidale,Trigonometria,1
Algebra,Radice_quadrata,0
Numero_naturale,Numero_negativo,0
Fattorizzazione,Aritmetica,1
Matematica,Funzione_costante,0
Equazione_differenziale,Equazione,1
Numero_naturale,Numero_razionale,0
Radice_quadrata,Funzione_trigonometrica_inversa,0
Radice_quadrata,Algebra,1
Numero,Risoluzione_di_un%27equazione,0
Teorema_fondamentale_dell%27algebra,Addizione,1
Base_(algebra_lineare),Algebra,1
Polinomio,Decomposizione_in_fratti_semplici,0
Funzione_(matematica),Radice_(matematica),0
Teorema_delle_radici_razionali,Numero_intero,1
Decomposizione_in_fratti_semplici,Matematica,1
Parallelismo_(geometria),Coefficiente_angolare,0
Potenza_(matematica),Numero_naturale,0
Intervallo_(matematica),Geometria_analitica,0
Valore_assoluto,Numero,1
Eccentricit%C3%A0_(matematica),Cono,1
Matematica,Funzione_trigonometrica,0
Zero_(analisi_complessa),Numero,1
Moltiplicazione,Equazione,0
Divisione_(matematica),Divisione_dei_polinomi,0
Addizione,Geometria,0
Equazione_lineare,Numero_reale,0
Matematica,Sezione_conica,0
Equazione,Numero_reale,0
Insieme,Insieme_vuoto,0
Sistema_di_riferimento_cartesiano,Matematica,1
Crescita_esponenziale,Potenza_(matematica),1
Funzione_definita_a_tratti,Funzione_(matematica),1
Disuguaglianza,Algebra,1
Risoluzione_di_un%27equazione,Teorema_delle_radici_razionali,0
Geometria,Insieme_chiuso,0
Parallelismo_(geometria),Matematica,1
Addizione,Divisione_(matematica),0
Segno_(matematica),Numero_reale,0
Numero_reale,Numero,1
Numero_complesso,Logaritmo_naturale,0
Retta,Triangolo_rettangolo,0
Funzione_inversa,Funzione_(matematica),1
Numero,Equazione_di_secondo_grado,0
Funzione_costante,Coefficiente_angolare,0
Sistema_di_riferimento_cartesiano,Geometria,1
Numero_negativo,Numero_razionale,0
Potenza_(matematica),Notazione_scientifica,0
Sommatoria,Somma_vuota,0
Numero_reale,Zero_(analisi_complessa),0
Numero_reale,Radice_quadrata,0
Insieme_chiuso,Insieme,1
Addizione,Decomposizione_in_fratti_semplici,0
Polinomio,Teorema_binomiale,0
Matematica,Funzione_monotona,0
Circonferenza_unitaria,Seno_(matematica),0
Matematica,Intervallo_(matematica),0
Uguaglianza_(matematica),Geometria_analitica,0
Calcolo_infinitesimale,Serie,0
Numero_reale,Distributivit%C3%A0,0
Matematica,Perpendicolarit%C3%A0,0
Segmento,Triangolo,0
Associativit%C3%A0,Insieme,0
Piano_(geometria),Geometria,1
Funzione_razionale,Funzione_(matematica),1
Retta,Circonferenza,0
Perpendicolarit%C3%A0,Coefficiente_angolare,0
Moto_circolare,Circonferenza,1
Cono,Ellisse,0
Polinomio,Radicale_(matematica),0
Insieme_aperto,Insieme_vuoto,0
Eccentricit%C3%A0_(matematica),Sezione_conica,1
Raggio_(geometria),Punto_(geometria),1
Teorema_fondamentale_dell%27algebra,Numero,1
Spostamento_(fisica),Calcolo_infinitesimale,0
Sottrazione,Numero,1
Geometria_analitica,Angolo,1
Funzione_costante,Dominio_e_codominio,0
Radice_(matematica),Dominio_e_codominio,1
Numero,Prodotto_scalare,0
Funzione_(matematica),Composizione_di_funzioni,0
Matematica,Retta,0
Equazione,Risoluzione_di_un%27equazione,0
Teorema_delle_radici_razionali,Moltiplicazione,1
Teorema_binomiale,Numero_reale,0
Teorema_binomiale,Coefficiente_binomiale,0
Sistema_di_coordinate_polari,Piano_(geometria),1
Matematica,Teorema_di_Pitagora,0
Aritmetica,Prodotto_vettoriale,0
Geometria,Coefficiente_angolare,0
Simmetria,Funzioni_pari_e_dispari,0
Equazione_parametrica,Numero,1
Serie_geometrica,Teorema_di_Pitagora,0
Radice_quadrata,Numero_razionale,0
Crescita_esponenziale,Logaritmo_naturale,0
Piano_(geometria),Sistema_di_riferimento_cartesiano,0
Distanza_(matematica),Geometria_analitica,0
Numero_complesso,Disuguaglianza,0
Geometria,Triangolo,0
Retta,Geometria,1
Numero,Decomposizione_in_fratti_semplici,0
Polinomio,Intervallo_(matematica),0
Circonferenza,Funzione_quadratica,0
Numero_complesso,Sistema_di_riferimento_cartesiano,0
Decomposizione_in_fratti_semplici,Divisione_(matematica),1
Matematica,Polinomio,0
Numero_reale,Reciproco,0
Teorema_delle_radici_razionali,Matematica,1
Matematica,Fattorizzazione,0
Iperbole_(geometria),Geometria,0
Numero_intero,Risoluzione_di_un%27equazione,0
Matrice_elementare,Matrice,1
Curva_(matematica),Corda_(geometria),0
Sezione_conica,Eccentricit%C3%A0_(matematica),0
Equazione,Matematica,1
Minore_(algebra_lineare),Funzione_inversa,0
Campo_vettoriale,Moltiplicazione_di_matrici,0
Polinomio,Numero_complesso,0
Equazione,Numero_razionale,0
Equazione_di_secondo_grado,Divisione_dei_polinomi,0
Matrice_identit%C3%A0,Matrice,1
Aritmetica,Reciproco,0
Addizione,Radicale_(matematica),0
Coefficiente_binomiale,Numero_reale,0
Addizione,Numeri_pari_e_dispari,0
Polinomio,Aritmetica,1
Moltiplicazione,Potenza_(matematica),0
Numero_intero,Numero,1
Matrice,Matrice_invertibile,0
Funzione_(matematica),Insieme_vuoto,0
Teorema_dei_seni,Geometria,1
Sottrazione,Matematica,1
Insieme_aperto,Insieme_chiuso,0
Funzione_trigonometrica_inversa,Funzione_inversa,1
Calcolo_infinitesimale,Serie_geometrica,0
Equazione_di_secondo_grado,Risoluzione_di_un%27equazione,0
Logaritmo,Crescita_esponenziale,0
Forza,Campo_vettoriale,0
Funzione_quadratica,Insieme_vuoto,0
Numero_reale,Dimostrazione_matematica,0
Matematica,Matrice_triangolare,0
Segmento,Raggio_(geometria),0
Funzione_trigonometrica_inversa,Matematica,1
Matematica,Funzione_iniettiva,0
Retta,Segmento,0
Segmento,Retta,1
Teorema_binomiale,Aritmetica,1
Retta,Numero_complesso,0
Funzione_trigonometrica_inversa,Seno_(matematica),1
Numero,Teorema_fondamentale_dell%27algebra,0
Curva_piana,Retta,1
Equazione_differenziale,Matematica,1
Sezione_conica,Circonferenza,1
Calcolo_infinitesimale,Teorema_fondamentale_dell%27algebra,0
Fattorizzazione,Moltiplicazione,1
Diagonale_principale,Matrice,1
Numero_complesso,Grafico_di_una_funzione,0
Parallelismo_(geometria),Geometria,1
Geometria,Geometria_analitica,0
Equazione_lineare,Geometria_analitica,0
Moltiplicazione,Matrice_elementare,0
Criterio_di_Cartesio,Divisione_dei_polinomi,0
Equazione_algebrica,Matematica,1
Punto_(geometria),Teorema_dei_seni,0
Geometria,Circonferenza,0
Decomposizione_in_fratti_semplici,Fattorizzazione,1
Circonferenza_unitaria,Matematica,1
Moltiplicazione,Numero_naturale,0
Dominio_e_codominio,Matematica,1
Divisione_dei_polinomi,Aritmetica,1
Criterio_di_Cartesio,Numero,1
Coefficiente_binomiale,Polinomio,1
Sottrazione,Numero_intero,0
Matrice_identit%C3%A0,Diagonale_principale,1
Equazione_di_secondo_grado,Grafico_di_una_funzione,0
Addizione,Numero_naturale,0
Rotazione_(matematica),Geometria,1
Numero_primo,Numeri_pari_e_dispari,0
Funzione_trigonometrica,Matematica,1
E_(costante_matematica),Reciproco,0
Sistema_di_coordinate,Sistema_di_riferimento_cartesiano,0
Matematica,Edge,0
Numero_razionale,Insieme_chiuso,0
Unione_(insiemistica),Associativit%C3%A0,0
Numero,Disuguaglianza,0
Commutativit%C3%A0,Numero_reale,0
Matematica,Teorema_delle_radici_razionali,0
Divisione_per_zero,Matematica,1
Secante_(geometria),Geometria,1
Quadrante_(geometria_analitica),Geometria,1
Radice_(matematica),Geometria,0
Sezione_conica,Cono,1
Triangolo_rettangolo,Punto_(geometria),1
Matematica,Logaritmo_naturale,0
Funzione_monotona,Funzione_(matematica),1
Insieme,Funzione_(matematica),0
Moltiplicazione_di_matrici,Matrice,1
Geometria,Teorema_dei_seni,0
Numero_naturale,Funzione_(matematica),0
Potenza_(matematica),Matematica,1
Matematica,Equazione_parametrica,0
Spostamento_(fisica),Derivata,0
Equazione_parametrica,Uguaglianza_(matematica),1
Curva_piana,Sezione_conica,0
Geometria_analitica,Sistema_di_coordinate,1
Numero_naturale,Numero,1
Coefficiente_binomiale,Numero,1
Sistema_di_equazioni_lineari,Equazione_lineare,1
Punto_(geometria),Poligono,0
Matematica,Aritmetica,0
Potenza_(matematica),Logaritmo_naturale,0
Numero,Geometria_analitica,0
Moltiplicazione,Prodotto_vettoriale,0
Numero_naturale,Insieme_vuoto,0
Polinomio,Grafico_di_una_funzione,0
Numero,Polinomio,0
Equazione,Numero_intero,0
Circonferenza,Sistema_di_riferimento_cartesiano,0
Matematica,Sottrazione,0
Seno_(matematica),Geometria,1
Circonferenza_unitaria,Teorema_di_Pitagora,0
Equazione,Sistema_di_riferimento_cartesiano,0
Funzione_(matematica),Distanza_(matematica),0
Ampiezza,Forza,0
Grado_d%27arco,Matematica,1
Polinomio,Criterio_di_Cartesio,0
Funzione_inversa,Matematica,1
Geometria,Funzione_trigonometrica,0
Funzione_costante,Polinomio,0
Corda_(geometria),Punto_(geometria),1
Punto_(geometria),Segmento,0
Teorema_fondamentale_dell%27algebra,Numero_intero,1
Perpendicolarit%C3%A0,Equazione,0
Potenza_(matematica),Composizione_di_funzioni,0
Seno_(matematica),Reciproco,0
Equazione,Geometria_analitica,0
Numero_complesso,Teorema_fondamentale_dell%27algebra,0
Curva_(matematica),Circonferenza_unitaria,0
Geometria,Poligono,0
Onda_sinusoidale,Geometria,1
Retta,Geometria_analitica,0
Equazione,Teorema_fondamentale_dell%27algebra,0
Asintoto,Geometria,1
Numero_razionale,Reciproco,0
Zero_(analisi_complessa),Numero_complesso,1
Equazione,Sottrazione,0
Funzioni_pari_e_dispari,Seno_(matematica),0
Curva_(matematica),Ellisse,0
Insieme,Numero_naturale,0
Teorema_dei_seni,Triangolo,1
Cono,Curva_(matematica),1
Uguaglianza_(matematica),Teorema_delle_radici_razionali,0
Eccentricit%C3%A0_(matematica),Curva_(matematica),1
Divisione_(matematica),Aritmetica,1
Geometria,Sezione_conica,0
Matematica,Corda_(geometria),0
Reciproco,Numero,1
Area,Geometria,0
Matematica,Variabili_dipendenti_e_indipendenti,0
Retta,Sistema_di_riferimento_cartesiano,0
Polinomio,Divisione_dei_polinomi,0
Settore_circolare,Retta,1
Numero_negativo,Coefficiente_angolare,0
Secante_(geometria),Circonferenza,0
Circonferenza_unitaria,Sistema_di_riferimento_cartesiano,0
Potenza_(matematica),Addizione,0
Insieme,Insieme_aperto,0
Retta,Spostamento_(fisica),0
Campo_vettoriale,Matematica,0
Prodotto_scalare,Matematica,1
Matematica,Asintoto,0
Onda_sinusoidale,Retta,1
Numero_intero,Disuguaglianza,0
Numero_reale,Teorema_fondamentale_dell%27algebra,0
Addizione,Funzione_(matematica),0
Addizione,Criterio_di_Cartesio,0
Geometria_analitica,Numero,1
Minore_(algebra_lineare),Matrice_identit%C3%A0,0
Moltiplicazione,Matematica,1
Geometria,Edge,0
Principio_d%27induzione,Matematica,1
Numero_reale,Logaritmo_naturale,0
Composizione_di_funzioni,Commutativit%C3%A0,0
Grafico_di_una_funzione,Funzione_(matematica),1
Numeri_pari_e_dispari,Dimostrazione_matematica,0
Segmento,Punto_(geometria),1
Segmento,Edge,0
Matematica,Grafico_di_una_funzione,0
Corda_(geometria),Retta,1
Potenza_(matematica),Numero_negativo,0
Logaritmo_naturale,Reciproco,0
Insieme,Intervallo_(matematica),0
Curva_(matematica),Retta,1
Aritmetica,Polinomio,0
Retta,Circonferenza_unitaria,0
Funzione_(matematica),Funzione_definita_a_tratti,0
Sistema_di_equazioni_lineari,Retta,1
Potenza_(matematica),Polinomio,0
Segno_(matematica),Valore_assoluto,0
Insieme,Numero_razionale,0
Moltiplicazione,Numero_complesso,0
Geometria_analitica,Distanza_(matematica),1
Geometria,Piano_(geometria),0
Radice_(matematica),Numero_reale,0
Funzione_iniettiva,Matematica,1
Retta,Eccentricit%C3%A0_(matematica),0
Retta,Asintoto,0
Sezione_conica,Geometria,1
Matematica,Moltiplicazione_di_matrici,0
Moltiplicazione,Disuguaglianza,0
Algebra,Disuguaglianza,0
Matematica,Triangolo,0
Triangolo_rettangolo,Angolo_retto,1
Moltiplicazione,Matrice_identit%C3%A0,0
Numero_intero,Teorema_fondamentale_dell%27algebra,0
Equazione_algebrica,Uguaglianza_(matematica),1
Retta,Risoluzione_di_un%27equazione,0
Ampiezza,Funzione_periodica,0
Teorema_dei_seni,Teorema_di_Pitagora,0
Grado_d%27arco,Angolo,1
Geometria,Angolo,0
Numeri_pari_e_dispari,Divisione_(matematica),0
Sistema_di_coordinate,Quadrante_(geometria_analitica),0
Identit%C3%A0_(matematica),Uguaglianza_(matematica),1
Sezione_conica,Retta,1
Equazione_di_secondo_grado,Numero_reale,0
Geometria_analitica,Matematica,1
Numero_intero,Seno_(matematica),0
Serie,Matematica,1
Aritmetica,Coefficiente_binomiale,0
Segmento,Geometria,1
Numero_naturale,Divisione_(matematica),0
Equazione_lineare,Risoluzione_di_un%27equazione,0
Triangolo,Teorema_dei_seni,0
Teorema_di_Pitagora,Distanza_(matematica),0
Aritmetica,Crescita_esponenziale,0
Seno_(matematica),Grafico_di_una_funzione,0
Coefficiente_angolare,Geometria,1
Matematica,Immagine_(matematica),0
Angolo,Sistema_di_riferimento_cartesiano,0
Onda_sinusoidale,Curva_(matematica),1
Moltiplicazione_di_matrici,Moltiplicazione,1
Teorema_di_Pitagora,Funzione_(matematica),0
Addizione,Funzioni_pari_e_dispari,0
Limite_(matematica),Numeri_pari_e_dispari,0
Equazione,Divisione_(matematica),0
Numero_complesso,Seno_(matematica),0
Circonferenza_unitaria,Numero_reale,0
Decomposizione_in_fratti_semplici,Equazione_di_secondo_grado,0
Associativit%C3%A0,Sottrazione,0
Matematica,Funzione_inversa,0
Quadrante_(geometria_analitica),Sistema_di_coordinate,1
Matematica,Dominio_e_codominio,0
Grafico_di_una_funzione,Sistema_di_riferimento_cartesiano,0
Triangolo,Triangolo_rettangolo,0
Funzione_quadratica,Matematica,1
Limite_di_una_funzione,Limite_(matematica),1
Retta,Equazione_lineare,0
Corda_(geometria),Matematica,1
Decomposizione_in_fratti_semplici,Monomio,0
Matematica,Sistema_di_coordinate,0
Insieme_vuoto,Insieme_chiuso,0
Funzione_(matematica),Funzione_razionale,0
Equazione_algebrica,Equazione,1
Teorema_fondamentale_dell%27algebra,Aritmetica,1
Geometria,Cono,0
Matrice_quadrata,Minore_(algebra_lineare),0
Equazione_lineare,Coefficiente_angolare,0
Moltiplicazione_di_matrici,Matematica,1
Moltiplicazione_di_matrici,Matrice_elementare,0
Matematica,Tavola_trigonometrica,0
Retta,Onda_sinusoidale,0
Teorema_di_Pitagora,Seno_(matematica),0
Numero_complesso,Fattorizzazione,0
Circonferenza,Matematica,1
Polinomio,Equazione_di_secondo_grado,0
Funzione_trigonometrica,Identit%C3%A0_(matematica),0
Dimostrazione_matematica,Matematica,1
Logaritmo,Risoluzione_di_un%27equazione,0
Matematica,Settore_circolare,0
Retta,Edge,0
Matematica,Moltiplicazione,0
Numeri_pari_e_dispari,Limite_di_una_successione,0
Triangolo,Poligono,1
Geometria,Quadrante_(geometria_analitica),0
Numero_reale,Numero_complesso,0
Numero_complesso,Numero_reale,1
Edge,Matematica,1
Aritmetica,Divisione_per_zero,0
Matrice_quadrata,Diagonale_principale,0
Funzioni_pari_e_dispari,Numero_reale,0
Retta,Corda_(geometria),0
Intervallo_(matematica),Numero_intero,0
Serie_geometrica,Area,0
Matematica,Funzione_periodica,0
Matrice,Minore_(algebra_lineare),0
Moltiplicazione,Numero_intero,0
Circonferenza,Equazione,0
Risoluzione_di_un%27equazione,Matematica,1
Numero_complesso,Funzione_trigonometrica_inversa,0
Funzione_inversa,Funzione_trigonometrica_inversa,0
Disuguaglianza,Reciproco,0
Retta,Numero_reale,0
Edge,Geometria,1
Moltiplicazione,Logaritmo,0
Matematica,Crescita_esponenziale,0
Notazione_scientifica,Divisione_(matematica),0
Numero,Zero_(analisi_complessa),0
Polinomio,Risoluzione_di_un%27equazione,0
Associativit%C3%A0,Divisione_(matematica),0
Logaritmo,Reciproco,0
Unione_(insiemistica),Distributivit%C3%A0,0
Unione_(insiemistica),Commutativit%C3%A0,0
Numero_naturale,Sottrazione,0
Angolo,Triangolo,0
Funzione_(matematica),Funzione_quadratica,0
Complesso_coniugato,Numero,1
Crescita_esponenziale,Moltiplicazione,1
Calcolo_infinitesimale,Matematica,1
Complesso_coniugato,Numero_reale,1
Piano_(geometria),Matematica,1
Topologia_prodotto,Numero,1
Segmento,Semiasse_minore,0
Angolo,Geometria,1
Circonferenza_unitaria,Circonferenza,1
Diagonale_principale,Matrice_identit%C3%A0,0
Matematica,Sistema_di_equazioni_lineari,0
Matematica,Teorema_dei_seni,0
Criterio_di_Cartesio,Aritmetica,1
Logaritmo,Numero_reale,0
Raggio_(geometria),Matematica,1
Geometria,Curva_(matematica),0
Geometria,Grado_d%27arco,0
Geometria,Secante_(geometria),0
Angolo,Rettangolo,0
Numero,Numero_reale,0
Funzione_definita_a_tratti,Matematica,1
Immagine_(matematica),Matematica,1
Matematica,Parallelismo_(geometria),0
Aritmetica,Numeri_pari_e_dispari,0
Addizione,Coefficiente_binomiale,0
Teorema_dei_seni,Funzione_trigonometrica,0
Geometria,Onda_sinusoidale,0
Triangolo,Angolo,1
Settore_circolare,Area,0
Numero_razionale,Numero,1
Matematica,Funzione_(matematica),0
Numeri_pari_e_dispari,Numero,0
Matematica,Moto_circolare,0
Curva_(matematica),Settore_circolare,0
Criterio_di_Cartesio,Polinomio,1
Potenza_(matematica),Numero_intero,0
Geometria,Sistema_di_riferimento_cartesiano,0
Numero,Reciproco,0
Matematica,Equazione_lineare,0
Calcolo_infinitesimale,Limite_(matematica),0
Radice_quadrata,Numero_naturale,0
Matematica,Triangolo_rettangolo,0
Equazione_logistica,Logaritmo_naturale,0
Numero_negativo,Disuguaglianza,0
Sistema_di_coordinate_polari,Matematica,1
Piano_complesso,Geometria,1
Numero,Quadrato_(algebra),0
Matrice_elementare,Matrice_identit%C3%A0,1
Variabili_dipendenti_e_indipendenti,Derivata,0
Topologia_prodotto,Matematica,1
Numero_intero,Polinomio,0
Equazione,Teorema_delle_radici_razionali,0
Matematica,Limite_di_una_successione,0
Aritmetica,Moltiplicazione_di_matrici,0
Equazione_di_secondo_grado,Geometria_analitica,0
Funzione_continua,Funzione_(matematica),1
Numero_intero,Numero_reale,0
Matrice,Matrice_identit%C3%A0,0
Triangolo_rettangolo,Segmento,1
Moltiplicazione,Divisione_dei_polinomi,0
Numero,Divisione_dei_polinomi,0
Addizione,Distributivit%C3%A0,0
Notazione_scientifica,Sottrazione,0
Matematica,Prodotto_scalare,0
Matematica,Decomposizione_in_fratti_semplici,0
Perpendicolarit%C3%A0,Teorema_di_Pitagora,0
Intervallo_(matematica),Matematica,1
Divisione_(matematica),Matrice_elementare,0
Polinomio,Monomio,0
Cono,Sezione_conica,0
Teorema_fondamentale_dell%27algebra,Matrice,0
Polinomio,E_(costante_matematica),0
Commutativit%C3%A0,Divisione_(matematica),0
Polinomio,Coefficiente_binomiale,0
Decomposizione_in_fratti_semplici,Numero_reale,0
Geometria,Parallelismo_(geometria),0
Grado_d%27arco,Settore_circolare,0
Teorema_delle_radici_razionali,Addizione,1
Matematica,Radice_(matematica),0
Teorema_dei_seni,Retta,1
Coefficiente_angolare,Retta,1
Composizione_di_funzioni,Matematica,1
Numero_reale,Sistema_di_riferimento_cartesiano,0
Curva_(matematica),Asintoto,0
Numero,Radice_quadrata,0
Polinomio,Sottrazione,0
Funzione_trigonometrica,Geometria,1
Iperbole_(geometria),Fuoco_(geometria),0
Matematica,Composizione_di_funzioni,0
Retta,Triangolo,0
Matematica,Grado_d%27arco,0
Equazione,Dominio_e_codominio,0
Moltiplicazione,Moltiplicazione_di_matrici,0
Curva_(matematica),Sezione_conica,0
Matrice,Diagonale_principale,0
Angolo,Perpendicolarit%C3%A0,0
Matematica,Numeri_pari_e_dispari,0
Prodotto_vettoriale,Moltiplicazione,1
Circonferenza,Perpendicolarit%C3%A0,0
Notazione_scientifica,Numero_intero,0
Notazione_scientifica,Logaritmo_naturale,0
Funzione_costante,Radice_(matematica),0
Serie_geometrica,Serie,1
Sistema_di_coordinate_polari,Sistema_di_coordinate,1
Composizione_di_funzioni,Numero_reale,0
Valore_assoluto,Segno_(matematica),1
Sommatoria,Matematica,1
Posizione,Numero_reale,0
Logaritmo,Radicale_(matematica),0
Curva_(matematica),Secante_(geometria),0
Moltiplicazione,Crescita_esponenziale,0
Aritmetica,Criterio_di_Cartesio,0
Moto_circolare,Matematica,1
Poligono,Retta,1
Retta,Parallelismo_(geometria),0
Curva_piana,Curva_(matematica),1
Matematica,Angolo_retto,0
Operazione_aritmetica,Matematica,1
Sistema_di_coordinate,Matematica,1
Funzione_costante,Funzione_(matematica),1
Aritmetica,Decomposizione_in_fratti_semplici,0
Zero_(analisi_complessa),Numero_reale,1
Numero_intero,Teorema_delle_radici_razionali,0
Triangolo_rettangolo,Matematica,1
Quadrato_(algebra),Algebra,1
Unione_(insiemistica),Addizione,0
Teorema_delle_radici_razionali,Polinomio,1
Funzione_costante,Matematica,1
Piano_complesso,Piano_(geometria),1
Numero_reale,Distanza_(matematica),0
Radice_quadrata,Dominio_e_codominio,0
Matematica,Geometria,0
Matematica,Equazione_di_secondo_grado,0
Insieme_aperto,Funzione_(matematica),0
Triangolo_rettangolo,Angolo,1
Numero_negativo,Numero_intero,0
Unione_(insiemistica),Insieme_aperto,0
Funzione_(matematica),Matematica,1
Radice_quadrata,Logaritmo_naturale,0
Curva_(matematica),Matematica,1
Retta,Poligono,0
Moltiplicazione_di_matrici,Numero,1
Numero,Coefficiente_binomiale,0
Angolo,Grado_d%27arco,0
Funzioni_pari_e_dispari,Divisione_(matematica),0
Numero,E_(costante_matematica),0
Circonferenza,Circonferenza_unitaria,0
Teorema_delle_radici_razionali,Uguaglianza_(matematica),1
Numero_complesso,Risoluzione_di_un%27equazione,0
Crescita_esponenziale,Aritmetica,1
Moltiplicazione,Criterio_di_Cartesio,0
Trigonometria,Onda_sinusoidale,0
Decomposizione_in_fratti_semplici,Numero,1
Numero,Numero_negativo,0
Divisione_(matematica),Distributivit%C3%A0,0
Minore_(algebra_lineare),Moltiplicazione_di_matrici,0
Aritmetica,Somma_vuota,0
Disuguaglianza,Dominio_e_codominio,0
Reciproco,Divisione_(matematica),1
Aritmetica,Addizione,0
Radice_(matematica),Reciproco,0
Determinante,Matrice_elementare,0
Numero_razionale,Divisione_(matematica),0
Radice_quadrata,Matematica,1
Coefficiente_angolare,Matematica,1
Funzione_(matematica),Logaritmo_naturale,0
Numero_primo,Teorema_fondamentale_dell%27algebra,0
Numeri_pari_e_dispari,Notazione_scientifica,0
Punto_(geometria),Triangolo_rettangolo,0
Aritmetica,Teorema_binomiale,0
Matrice_identit%C3%A0,Matrice_quadrata,1
Formula,Matematica,1
Teorema_dei_seni,Matematica,1
Angolo,Triangolo_rettangolo,0
Numero_complesso,Radicale_(matematica),0
Numero_negativo,Numero,1
Radice_quadrata,Numero_complesso,0
Funzione_(matematica),Funzione_cubica,0
Numero,Numero_naturale,0
Sistema_di_riferimento_cartesiano,Sistema_di_coordinate,1
Geometria,Rotazione_(matematica),0
Numero_complesso,Equazione_di_secondo_grado,0
Grafico_di_una_funzione,Coefficiente_angolare,0
Funzione_razionale,Divisione_dei_polinomi,0
Dominio_e_codominio,Radice_(matematica),0
Geometria,Curva_piana,0
Funzione_quadratica,Funzione_(matematica),1
Teorema_dei_seni,Trigonometria,1
Fuoco_(geometria),Sezione_conica,0
Poligono,Triangolo,0
Numero,Insieme_vuoto,0
Divisione_per_zero,Aritmetica,1
Addizione,Notazione_scientifica,0
Potenza_(matematica),Radicale_(matematica),0
Decomposizione_in_fratti_semplici,Funzione_razionale,0
Reciproco,Aritmetica,1
Matematica,Glossario_della_simbologia_matematica,0
Funzione_definita_a_tratti,Intervallo_(matematica),0
Piano_complesso,Matematica,1
Retta,Matematica,1
Geometria,Campo_vettoriale,0
Determinante,Matrice_quadrata,1
Unione_(insiemistica),Insieme_chiuso,0
Addizione,Teorema_fondamentale_dell%27algebra,0
Curva_(matematica),Geometria,1
Uguaglianza_(matematica),Equazione_di_secondo_grado,0
Sistema_di_coordinate,Sistema_di_coordinate_polari,0
Aritmetica,Topologia_prodotto,0
Funzione_trigonometrica_inversa,Funzione_trigonometrica,1
Sistema_di_riferimento_cartesiano,Geometria_analitica,0
Uguaglianza_(matematica),Risoluzione_di_un%27equazione,0
Corda_(geometria),Geometria,1
Aritmetica,Moltiplicazione,0
Matrice,Matrice_elementare,0
Numero,Topologia_prodotto,0
Fattorizzazione,Matematica,1
Funzione_trigonometrica_inversa,Reciproco,0
Coefficiente_binomiale,Numero_intero,1
Matrice_quadrata,Matrice,1
Algebra,Teorema_fondamentale_dell%27algebra,0
Matrice_quadrata,Quadrato_(algebra),0
Algebra,Quadrato_(algebra),0
Ellisse,Matematica,1
Equazione_lineare,Sistema_di_equazioni_lineari,0
Segmento,Matematica,1
Aritmetica,Logaritmo_naturale,0
Numero_complesso,Dominio_e_codominio,0
Numero_intero,Divisione_(matematica),0
Ellisse,Geometria,1
Immagine_(matematica),Funzione_(matematica),1
Base_(algebra_lineare),Numero,1
Geometria,Ellisse,0
Divisione_dei_polinomi,Grafico_di_una_funzione,0
Matematica,Disuguaglianza,0
Segno_(matematica),Algebra,0
Equazione,Numero,1
Moto_circolare,Curva_(matematica),1
Numeri_pari_e_dispari,Matematica,1
Razionalizzazione_(matematica),Numero_complesso,0
Funzione_(matematica),Reciproco,0
Determinante,Campo_vettoriale,0
Numero,Equazione,0
Retta,Teorema_dei_seni,0
Matematica,Secante_(geometria),0
Potenza_(matematica),Logaritmo,0
Geometria,Asintoto,0
Geometria,Piano_complesso,0
Simmetria,Matematica,0
Rettangolo,Angolo,1
Massimo_e_minimo_di_una_funzione,Funzione_iniettiva,0
Composizione_di_funzioni,Dominio_e_codominio,0
Grafico_di_una_funzione,Matematica,1
Circonferenza,Teorema_di_Pitagora,0
Moltiplicazione,Decomposizione_in_fratti_semplici,0
Teorema_fondamentale_dell%27algebra,Numero_complesso,1
Unione_(insiemistica),Numero_intero,0
Moltiplicazione,Sottrazione,0
Matematica,Curva_piana,0
Geometria_analitica,Equazione,1
Numero_complesso,Intervallo_(matematica),0
Coefficiente_angolare,Geometria_analitica,0
Matrice_elementare,Diagonale_principale,1
Grafico_di_una_funzione,Geometria_analitica,0
Numero,Criterio_di_Cartesio,0
Numero_negativo,Numero_reale,0
Addizione,Sottrazione,0
Potenza_(matematica),Circonferenza_unitaria,0
Teorema_dei_seni,Poligono,1
Retta,Campo_vettoriale,0
Divisione_dei_polinomi,Matematica,1
Geometria,Sistema_di_coordinate,0
Circonferenza_unitaria,Geometria,1
Sistema_di_coordinate,Geometria_analitica,0
Addizione,Numero_reale,0
Matematica,Funzione_quadratica,0
Lavoro_(fisica),Forza,1
Moltiplicazione,Distributivit%C3%A0,0
Polinomio,Funzione_quadratica,0
Area,Cono,0
Prodotto_scalare,Numero,1
Matematica,Principio_d%27induzione,0
Poligono,Geometria,1
Punto_(geometria),Triangolo,0
Numero_intero,Radicale_(matematica),0
Logaritmo,Funzione_(matematica),0
Glossario_della_simbologia_matematica,Matematica,1
Uguaglianza_(matematica),Disuguaglianza,0
Fuoco_(geometria),Geometria,1
Retta,Curva_(matematica),0
Potenza_(matematica),Numero_complesso,0
Seno_(matematica),Identit%C3%A0_(matematica),0
Funzione_quadratica,Equazione_di_secondo_grado,0
Curva_(matematica),Moto_circolare,0
Cono,Retta,1
Moltiplicazione,Fattorizzazione,0
Matematica,Equazione,0
Moltiplicazione,Aritmetica,1
Geometria,Triangolo_rettangolo,0
Spostamento_(fisica),Forza,0
Curva_(matematica),Circonferenza,0
Matrice_quadrata,Determinante,0
Teorema_di_Pitagora,Geometria_analitica,0
Funzione_(matematica),Grafico_di_una_funzione,0
Dominio_e_codominio,Funzione_(matematica),1
Logaritmo,Moltiplicazione,1
Matematica,Divisione_(matematica),0
Radice_(matematica),Funzione_(matematica),1
Triangolo,Retta,1
Logaritmo_naturale,Numero,1
Matematica,Fuoco_(geometria),0
Funzione_trigonometrica_inversa,Dominio_e_codominio,0
Edge,Punto_(geometria),1
Minore_(algebra_lineare),Determinante,1
Numero_complesso,Teorema_di_Pitagora,0
Segmento,Fuoco_(geometria),0
Funzione_cubica,Matematica,1
Numero_naturale,Geometria,0
Funzione_definita_a_tratti,Massimo_e_minimo_di_una_funzione,0
Teorema_binomiale,Numero,1
Retta,Coefficiente_angolare,0
Numero,Divisione_(matematica),0
Composizione_di_funzioni,Numero_naturale,0
Insieme_vuoto,Insieme,1
Intervallo_(matematica),Reciproco,0
Numero_reale,Insieme_vuoto,0
Retta,Sistema_di_equazioni_lineari,0
Sistema_di_riferimento_cartesiano,Piano_(geometria),1
Insieme_aperto,Numero_razionale,0
Aritmetica,Teorema_fondamentale_dell%27algebra,0
Topologia_prodotto,Moltiplicazione,1
Teorema_fondamentale_dell%27algebra,Polinomio,1
Sommatoria,Addizione,1
Geometria,Fuoco_(geometria),0
Cono,Eccentricit%C3%A0_(matematica),0
Circonferenza_unitaria,Funzione_trigonometrica_inversa,0
Eccentricit%C3%A0_(matematica),Matematica,1
Sistema_di_equazioni_lineari,Numero,1
Criterio_di_Cartesio,Matematica,1
Teorema_fondamentale_dell%27algebra,Moltiplicazione,1
Matematica,Trigonometria,0
Sottrazione,Divisione_(matematica),0
Algebra,Base_(algebra_lineare),0
Seno_(matematica),Numero_reale,0
Moltiplicazione,Topologia_prodotto,0
Uguaglianza_(matematica),Equazione_parametrica,0
Curva_piana,Matematica,1
Moltiplicazione,Funzioni_pari_e_dispari,0
Triangolo_rettangolo,Triangolo,1
Circonferenza,Settore_circolare,0
Perpendicolarit%C3%A0,Matematica,1
Rettangolo,Geometria,1
Eccentricit%C3%A0_(matematica),Geometria,1
Funzioni_pari_e_dispari,Dominio_e_codominio,0
Polinomio,Coefficiente_angolare,0
Aritmetica,Divisione_dei_polinomi,0
Sistema_di_coordinate,Circonferenza,0
Decomposizione_in_fratti_semplici,Polinomio,1
Trigonometria,Funzione_trigonometrica,0
Matrice_elementare,Matrice_quadrata,1
Numero,Numero_complesso,0
Equazione_di_secondo_grado,Equazione,1
Matematica,Espressione_matematica,0
Segmento,Corda_(geometria),0
Secante_(geometria),Matematica,1
Matematica,Teorema_fondamentale_dell%27algebra,0
Radice_quadrata,Numero,1
Mereologia,Matematica,1
Polinomio,Numero_razionale,0
Matematica,Limite_di_una_funzione,0
Retta,Moto_circolare,0
Segmento,Teorema_dei_seni,0
Uguaglianza_(matematica),Equazione_differenziale,0
Equazione_di_secondo_grado,Seno_(matematica),0
Matematica,Base_(algebra_lineare),0
Logaritmo,Numero_intero,0
Risoluzione_di_un%27equazione,Radicale_(matematica),0
Logaritmo_naturale,Potenza_(matematica),1
Complesso_coniugato,Numero_complesso,1
Funzione_trigonometrica_inversa,Funzione_(matematica),1
Coefficiente_angolare,Seno_(matematica),0
Moltiplicazione,Teorema_binomiale,0
Grado_d%27arco,Geometria,1
Polinomio,Divisione_(matematica),0
Numero_reale,Numero_razionale,0
Limite_(matematica),Calcolo_infinitesimale,1
Limite_di_una_funzione,Matematica,1
Moltiplicazione,Teorema_fondamentale_dell%27algebra,0
Numero_reale,Sistema_di_equazioni_lineari,0
Geometria,Corda_(geometria),0
Retta,Curva_piana,0
Addizione,Somma_vuota,0
Numero,Sottrazione,0
Corda_(geometria),Segmento,1
Determinante,Matrice,1
Numero,Complesso_coniugato,0
Corda_(geometria),Circonferenza,1
Disuguaglianza,Numero,1
Fattorizzazione,Numero,1
Semiasse_minore,Sezione_conica,0
Matematica,Cono,0
Insieme,E_(costante_matematica),0
Numero,Radicale_(matematica),0
Sottrazione,Disuguaglianza,0
Principio_d%27induzione,Numero_reale,0
Geometria_analitica,Retta,1
Moltiplicazione,Numero_reale,0
Numero_reale,Valore_assoluto,0
Divisione_(matematica),Divisione_per_zero,0
Fuoco_(geometria),Matematica,1
Cono,Circonferenza,1
Numero_complesso,Zero_(analisi_complessa),0
Potenza_(matematica),Moltiplicazione,1
Teorema_dei_seni,Angolo,1
Divisione_(matematica),Matematica,1
Fattorizzazione,Numero_reale,0
Numero_reale,Geometria_analitica,0
Numero,Teorema_delle_radici_razionali,0
Retta,Settore_circolare,0
Matematica,Coefficiente_angolare,0
Settore_circolare,Poligono,0
Settore_circolare,Circonferenza,1
Circonferenza_unitaria,Equazione,0
Matematica,Analisi_matematica,0
Matematica,Uguaglianza_(matematica),0
Curva_(matematica),Onda_sinusoidale,0
Addizione,Polinomio,0
Moltiplicazione,Logaritmo_naturale,0
Numero_complesso,Numero_negativo,0
Matematica,Quadrante_(geometria_analitica),0
Numero_intero,Criterio_di_Cartesio,0
Numero_complesso,E_(costante_matematica),0
Somma_vuota,Matematica,1
Aritmetica,Prodotto_scalare,0
Risoluzione_di_un%27equazione,Equazione,1
Coefficiente_binomiale,Aritmetica,1
Criterio_di_Cartesio,Numero_intero,1
Teorema_fondamentale_dell%27algebra,Uguaglianza_(matematica),1
Teorema_di_Pitagora,Geometria,1
Numero,Crescita_esponenziale,0
Ampiezza,Funzioni_pari_e_dispari,0
Determinante,Numeri_pari_e_dispari,0
Moto_circolare,Retta,1
Potenza_(matematica),Seno_(matematica),0
Retta,Perpendicolarit%C3%A0,0
Funzione_periodica,Funzione_(matematica),1
Punto_(geometria),Edge,0
Equazione,Equazione_lineare,0
Matematica,Funzione_razionale,0
Teorema_fondamentale_dell%27algebra,Algebra,1
Numero_reale,Limite_di_una_successione,0
Perpendicolarit%C3%A0,Geometria,1
Numero,Equazione_lineare,0
Punto_(geometria),Matematica,1
Seno_(matematica),Trigonometria,1
Matematica,Limite_(matematica),0
Sistema_di_coordinate_polari,Numero,1
Angolo,Teorema_dei_seni,0
Risoluzione_di_un%27equazione,Numero_reale,0
Funzione_razionale,Matematica,1
Funzione_(matematica),Funzione_continua,0
Equazione_di_secondo_grado,Numero,1
Geometria,Distanza_(matematica),0
Sottrazione,Numero_reale,0
Matematica,Algebra,0
Serie,Serie_geometrica,0
Somma_vuota,Numero,1
Addizione,Numero_complesso,0
Numero,Sommatoria,0
Coefficiente_binomiale,Matematica,1
Numero,Equazione_algebrica,0
Intervallo_(matematica),Disuguaglianza,0
Matematica,Punto_(geometria),0
Retta,Fuoco_(geometria),0
Matematica,Risoluzione_di_un%27equazione,0
Matematica,Sistema_di_coordinate_polari,0
Matematica,Teorema_binomiale,0
Addizione,Sommatoria,0
Teorema_binomiale,Moltiplicazione,1
Sezione_conica,Curva_(matematica),1
Curva_(matematica),Curva_piana,0
Triangolo,Segmento,1
Decomposizione_in_fratti_semplici,Addizione,1
Funzione_trigonometrica,Trigonometria,1
Piano_(geometria),Geometria_analitica,0
Matematica,Quadrato_(algebra),0
Analisi_matematica,Matematica,1
Divisione_dei_polinomi,Numero_intero,1
Sommatoria,Numero,1
Dimostrazione_matematica,Principio_d%27induzione,0
Aritmetica,Sommatoria,0
Aritmetica,Logaritmo,0
Matematica,Piano_(geometria),0
Serie_geometrica,Matematica,1
Logaritmo,Potenza_(matematica),1
Logaritmo,Aritmetica,1
Lunghezza,Geometria,0
Matematica,Addizione,0
Numero,Logaritmo,0
Insieme,Distributivit%C3%A0,0
Razionalizzazione_(matematica),Radice_quadrata,0
Numero_intero,Distributivit%C3%A0,0
Polinomio,Composizione_di_funzioni,0
Criterio_di_Cartesio,Moltiplicazione,1
Divisione_(matematica),Reciproco,0
Limite_(matematica),Matematica,1
Geometria_analitica,Perpendicolarit%C3%A0,1
Seno_(matematica),Funzione_trigonometrica_inversa,0
Equazione_di_secondo_grado,Numero_razionale,0
Composizione_di_funzioni,Intervallo_(matematica),0
Sommatoria,Aritmetica,1
Equazione,Radice_(matematica),0
Polinomio,Numero_naturale,0
Matematica,Divisione_dei_polinomi,0
Moltiplicazione,Minore_(algebra_lineare),0
